Workbook

Sheet Sheet1
A1: Country or Area | B1: Year | C1: Currency | D1: Primary | E1: Industry | F1: Construction | G1: Transportation | H1: Hospitality | I1: Financial | J1: Real Estate | K1: Other: Private | L1: Other: Public
A2: Antigua and Barbuda | B2: 2012 | C2: EC dollar | D2: 0.092307692 | E2: -0.27032967 | F2: 0.2956044 | G2: 0.024175824 | H2: 0.018681319 | I2: 0.13296703 | J2: -0.047252747 | K2: =Sheet2!K2+Sheet2!L2+Sheet2!B2+Sheet2!H2 -> 0.41098901 | L2: 0.35164835
A3: Antigua and Barbuda | B3: 2013 | C3: EC dollar | D3: -0.371875 | E3: 0.34375 | F3: 0.46875 | G3: 0.0875 | H3: 0.496875 | I3: -1.721875 | J3: -0.021875 | K3: =Sheet2!K3+Sheet2!L3+Sheet2!B3+Sheet2!H3 -> 1.215625 | L3: 0.50625
A4: Antigua and Barbuda | B4: 2014 | C4: EC dollar | D4: 0.0034482759 | E4: 0.11448276 | F4: 0.18689655 | G4: 0.07862069 | H4: 0.1737931 | I4: 0.0034482759 | J4: 0.045517241 | K4: =Sheet2!K4+Sheet2!L4+Sheet2!B4+Sheet2!H4 -> 0.20275862 | L4: 0.18482759
A5: Antigua and Barbuda | B5: 2015 | C5: EC dollar | D5: 0.018796992 | E5: 0.26466165 | F5: 0.082706767 | G5: 0.02406015 | H5: 0.23082707 | I5: 0.1 | J5: 0.034586466 | K5: =Sheet2!K5+Sheet2!L5+Sheet2!B5+Sheet2!H5 -> 0.018045113 | L5: 0.22556391
A6: Antigua and Barbuda | B6: 2016 | C6: EC dollar | D6: 0.021138211 | E6: 0.28130081 | F6: 0.50243902 | G6: 0.15691057 | H6: 0.16097561 | I6: -0.38699187 | J6: -0.10162602 | K6: =Sheet2!K6+Sheet2!L6+Sheet2!B6+Sheet2!H6 -> -0.10894309 | L6: 0.48065041
A7: Antigua and Barbuda | B7: 2017 | C7: EC dollar | D7: 0.087068966 | E7: -0.085344828 | F7: 0.64224138 | G7: -0.15775862 | H7: -0.084482759 | I7: 0.19396552 | J7: 0.14827586 | K7: =Sheet2!K7+Sheet2!L7+Sheet2!B7+Sheet2!H7 -> 0.15689655 | L7: 0.096034483
A8: Antigua and Barbuda | B8: 2018 | C8: EC dollar | D8: 0.014237288 | E8: 0.027457627 | F8: 0.47186441 | G8: 0.090508475 | H8: 0.10779661 | I8: -0.058983051 | J8: 0.034915254 | K8: =Sheet2!K8+Sheet2!L8+Sheet2!B8+Sheet2!H8 -> 0.13661017 | L8: 0.17474576
A9: Antigua and Barbuda | B9: 2019 | C9: EC dollar | D9: 0.019 | E9: 0.1135 | F9: 0.167 | G9: 0.3505 | H9: 0.0785 | I9: 0.035 | J9: 0.0855 | K9: =Sheet2!K9+Sheet2!L9+Sheet2!B9+Sheet2!H9 -> 0.044 | L9: 0.1108
A10: Antigua and Barbuda | B10: 2020 | C10: EC dollar | D10: -0.01309987 | E10: 0.048767834 | F10: 0.18158236 | G10: 0.23022049 | H10: 0.27094682 | I10: -0.0083009079 | J10: 0.030479896 | K10: =Sheet2!K10+Sheet2!L10+Sheet2!B10+Sheet2!H10 -> 0.22736706 | L10: 0.032645914
A11: Antigua and Barbuda | B11: 2021 | C11: EC dollar | D11: 0.0067391304 | E11: -0.038913043 | F11: 0.215 | G11: 0.15369565 | H11: 0.29152174 | I11: 0.17913043 | J11: 0.038695652 | K11: =Sheet2!K11+Sheet2!L11+Sheet2!B11+Sheet2!H11 -> 0.11586957 | L11: 0.037173913
A12: Antigua and Barbuda | B12: 2022 | C12: EC dollar | D12: 0.014214876 | E12: -0.010082645 | F12: 0.16892562 | G12: 0.18115702 | H12: 0.28049587 | I12: 0.029917355 | J12: 0.035867769 | K12: =Sheet2!K12+Sheet2!L12+Sheet2!B12+Sheet2!H12 -> 0.23553719 | L12: 0.065289256
A13: Bahamas | B13: 2013 | C13: Bahamian dollar | D13: 0.59449737 | E13: 0.6456587 | F13: 0.7452757 | G13: -2.4803151 | H13: 0.49247951 | I13: 2.2664309 | J13: 0.81491568 | K13: =Sheet2!K13+Sheet2!L13+Sheet2!B13+Sheet2!H13 -> -2.6413895 | L13: 0.56244676
... A283: Seychelles | B283: 2022 | C283: Seychelles rupee | D283: 0.043161515 | E283: 0.019580459 | F283: 0.12299364 | G283: 0.11102879 | H283: 0.35918437 | I283: 0.026534275 | J283: 0.054284138 | K283: =Sheet2!K283+Sheet2!L283+Sheet2!B283+Sheet2!H283 -> 0.14017476 | L283: 0.12305805
A284: Singapore | B284: 1971 | C284: Singapore dollar | D284: 0.027253467 | E284: 0.26964561 | F284: 0.10641371 | G284: 0.096976117 | H284: 0.036979969 | I284: 0.056336672 | K284: =Sheet2!K284+Sheet2!L284+Sheet2!B284+Sheet2!H284 -> 0.16746918
A285: Singapore | B285: 1972 | C285: Singapore dollar | D285: 0.0034975669 | E285: 0.31181569 | F285: 0.13899027 | G285: 0.10880474 | H285: 0.035355839 | I285: 0.070255474 | K285: =Sheet2!K285+Sheet2!L285+Sheet2!B285+Sheet2!H285 -> 0.13564477
A286: Singapore | B286: 1973 | C286: Singapore dollar | D286: 0.026788372 | E286: 0.28549459 | F286: 0.017412442 | G286: 0.085226709 | H286: 0.040430598 | I286: 0.087905546 | K286: =Sheet2!K286+Sheet2!L286+Sheet2!B286+Sheet2!H286 -> 0.30012898
A287: Singapore | B287: 1974 | C287: Singapore dollar | D287: 0.0083305975 | E287: 0.25812541 | F287: 0.081992777 | G287: 0.076124425 | H287: 0.023555483 | I287: 0.06824524 | K287: =Sheet2!K287+Sheet2!L287+Sheet2!B287+Sheet2!H287 -> 0.27921865
A288: Singapore | B288: 1975 | C288: Singapore dollar | D288: 0.043190883 | E288: 0.162849 | F288: 0.15430199 | G288: 0.14928775 | H288: 0.054131054 | I288: 0.22222222 | K288: =Sheet2!K288+Sheet2!L288+Sheet2!B288+Sheet2!H288 -> -0.00022792023
A289: Singapore | B289: 1976 | C289: Singapore dollar | D289: 0.0087247228 | E289: 0.32281474 | F289: 0.095401174 | G289: 0.20808871 | H289: 0.037181996 | I289: 0.082762557 | K289: =Sheet2!K289+Sheet2!L289+Sheet2!B289+Sheet2!H289 -> 0.11603066
A290: Singapore | B290: 1977 | C290: Singapore dollar | D290: 0.014928873 | E290: 0.31405346 | F290: -0.005393153 | G290: 0.2041582 | H290: 0.05010161 | I290: 0.033296858 | K290: =Sheet2!K290+Sheet2!L290+Sheet2!B290+Sheet2!H290 -> 0.27520713
A291: Singapore | B291: 1978 | C291: Singapore dollar | D291: -0.010680838 | E291: 0.33962959 | F291: -0.041197517 | G291: 0.21561612 | H291: 0.05014206 | I291: 0.11717352 | K291: =Sheet2!K291+Sheet2!L291+Sheet2!B291+Sheet2!H291 -> 0.2091971
A292: Singapore | B292: 1979 | C292: Singapore dollar | D292: 0.0082533518 | E292: 0.4228629 | F292: 0.038540539 | G292: 0.086828248 | H292: 0.045598835 | I292: 0.096276655 | K292: =Sheet2!K292+Sheet2!L292+Sheet2!B292+Sheet2!H292 -> 0.15722448
A293: Singapore | B293: 1980 | C293: Singapore dollar | D293: 0.013741357 | E293: 0.3621611 | F293: 0.080266975 | G293: 0.11741226 | H293: 0.045520972 | I293: 0.1486684 | K293: =Sheet2!K293+Sheet2!L293+Sheet2!B293+Sheet2!H293 -> 0.10059546
A294: Singapore | B294: 1981 | C294: Singapore dollar | D294: 0.012323539 | E294: 0.20333839 | F294: 0.12470686 | G294: 0.097530694 | H294: 0.042074769 | I294: 0.19598105 | K294: =Sheet2!K294+Sheet2!L294+Sheet2!B294+Sheet2!H294 -> 0.053685566
A295: Singapore | B295: 1982 | C295: Singapore dollar | D295: 0.0035106594 | E295: -0.029529175 | F295: 0.27799326 | G295: 0.079188018 | H295: 0.04705416 | I295: 0.14543756 | K295: =Sheet2!K295+Sheet2!L295+Sheet2!B295+Sheet2!H295 -> 0.11146344
... A318: Singapore | B318: 2005 | C318: Singapore dollar | D318: 0.00048139334 | E318: 0.25143336 | F318: 0.008984206 | G318: 0.079056685 | H318: 0.0066529641 | I318: 0.061726525 | K318: =Sheet2!K318+Sheet2!L318+Sheet2!B318+Sheet2!H318 -> 0.40604717
A319: Singapore | B319: 2006 | C319: Singapore dollar | D319: -7.371881e-05 | E319: 0.24603436 | F319: 0.020580557 | G319: 0.0062574261 | H319: 0.013984892 | I319: 0.16600609 | J319: 0.046447187 | K319: =Sheet2!K319+Sheet2!L319+Sheet2!B319+Sheet2!H319 -> 0.43866595 | L319: 0.062097257
A320: Singapore | B320: 2007 | C320: Singapore dollar | D320: 4.8558776e-05 | E320: 0.077723176 | F320: 0.052135939 | G320: 0.12286018 | H320: 0.018339031 | I320: 0.19618069 | J320: 0.10315179 | K320: =Sheet2!K320+Sheet2!L320+Sheet2!B320+Sheet2!H320 -> 0.38882306 | L320: 0.040737575
A321: Singapore | B321: 2008 | C321: Singapore dollar | D321: -0.0013429181 | E321: -3.3508966 | F321: 1.5306896 | G321: 0.21293151 | H321: 0.19168181 | I321: 0.24543803 | J321: 1.6687732 | K321: =Sheet2!K321+Sheet2!L321+Sheet2!B321+Sheet2!H321 -> -0.065802986 | L321: 0.56852832
A322: Singapore | B322: 2009 | C322: Singapore dollar | D322: 0.00016012261 | E322: 0.10422838 | F322: 0.34525866 | G322: -0.42568595 | H322: -0.043953656 | I322: 0.16009973 | J322: -0.017133119 | K322: =Sheet2!K322+Sheet2!L322+Sheet2!B322+Sheet2!H322 -> 0.77811581 | L322: 0.098910023
A323: Singapore | B323: 2010 | C323: Singapore dollar | D323: 8.1292602e-05 | E323: 0.28054816 | F323: -0.014465156 | G323: 0.094001345 | H323: 0.02697929 | I323: 0.059075087 | J323: 0.098602999 | K323: =Sheet2!K323+Sheet2!L323+Sheet2!B323+Sheet2!H323 -> 0.38799727 | L323: 0.067179713
A324: Singapore | B324: 2011 | C324: Singapore dollar | D324: 0.00015209942 | E324: 0.054831841 | F324: 0.019432938 | G324: -0.13920676 | H324: 0.051982213 | I324: 0.058625379 | J324: 0.19460673 | K324: =Sheet2!K324+Sheet2!L324+Sheet2!B324+Sheet2!H324 -> 0.67248522 | L324: 0.087090338
A325: Singapore | B325: 2012 | C325: Singapore dollar | D325: 6.7828382e-05 | E325: 0.11930396 | F325: 0.097771529 | G325: 0.095187885 | H325: 0.038212044 | I325: 0.14945059 | J325: 0.19085673 | K325: =Sheet2!K325+Sheet2!L325+Sheet2!B325+Sheet2!H325 -> 0.22127468 | L325: 0.087874752
A326: Singapore | B326: 2013 | C326: Singapore dollar | D326: 0.0006365499 | E326: -0.18217262 | F326: 0.046216175 | G326: 0.069874613 | H326: 0.023917036 | I326: 0.34255668 | J326: 0.24314217 | K326: =Sheet2!K326+Sheet2!L326+Sheet2!B326+Sheet2!H326 -> 0.27947856 | L326: 0.17635085
A327: Singapore | B327: 2014 | C327: Singapore dollar | D327: 0.00037932866 | E327: 0.28522067 | F327: 0.14208962 | G327: 0.16109054 | H327: 0.031608422 | I327: 0.21229301 | J327: 0.018325023 | K327: =Sheet2!K327+Sheet2!L327+Sheet2!B327+Sheet2!H327 -> 0.010145317 | L327: 0.13884808
A328: Singapore | B328: 2015 | C328: Singapore dollar | D328: 1.3643433e-05 | E328: 0.23537197 | F328: 0.05688857 | G328: 0.13291433 | H328: 0.0043886377 | I328: 0.17762841 | J328: 0.0055346862 | K328: =Sheet2!K328+Sheet2!L328+Sheet2!B328+Sheet2!H328 -> 0.27682072 | L328: 0.11043905
A329: Singapore | B329: 2016 | C329: Singapore dollar | D329: 7.3245927e-05 | E329: 0.019030623 | F329: -0.044626745 | G329: -0.15069351 | H329: 0.028505983 | I329: 0.10996211 | J329: -0.1253038 | K329: =Sheet2!K329+Sheet2!L329+Sheet2!B329+Sheet2!H329 -> 1.0112932 | L329: 0.1517589
A330: Singapore | B330: 2017 | C330: Singapore dollar | D330: 0.00021982782 | E330: 0.35161137 | F330: -0.059049633 | G330: 0.1245066 | H330: 0.0051142296 | I330: 0.16914458 | J330: -0.060530238 | K330: =Sheet2!K330+Sheet2!L330+Sheet2!B330+Sheet2!H330 -> 0.40716639 | L330: 0.061813644
... A343: Suriname | B343: 2022 | C343: Suriname dollar | D343: 0.064834261 | E343: 0.49814899 | F343: 0.11046918 | G343: 0.045733231 | H343: 0.023496676 | I343: 0.12074986 | J343: 0.018689729 | K343: =Sheet2!K343+Sheet2!L343+Sheet2!B343+Sheet2!H343 -> 0.056458681 | L343: 0.061417709
A344: Timor-Leste | B344: 2001 | C344: US dollars | D344: -0.014297096 | E344: 0.015931665 | F344: 0.023463663 | I344: 0.032649755 | J344: 0.14470339 | K344: =Sheet2!K344+Sheet2!L344+Sheet2!B344+Sheet2!H344 -> 0.33068132 | L344: 0.10694876
A345: Timor-Leste | B345: 2002 | C345: US dollars | D345: -3.0669149 | E345: -0.18688154 | F345: 1.8345086 | I345: -0.029237002 | J345: -0.59237588 | K345: =Sheet2!K345+Sheet2!L345+Sheet2!B345+Sheet2!H345 -> 3.5946376 | L345: -1.2401487
A346: Timor-Leste | B346: 2003 | C346: US dollars | D346: 0.35131313 | E346: 0.04664201 | F346: -0.3928605 | I346: -0.029549463 | J346: -0.14678027 | K346: =Sheet2!K346+Sheet2!L346+Sheet2!B346+Sheet2!H346 -> 0.58950332 | L346: 0.36006202
A347: Timor-Leste | B347: 2004 | C347: US dollars | D347: -0.36266175 | E347: 0.0821552 | F347: 0.59614335 | I347: 0.018970528 | J347: -0.095860593 | K347: =Sheet2!K347+Sheet2!L347+Sheet2!B347+Sheet2!H347 -> 0.29690812 | L347: -0.16396679
A348: Timor-Leste | B348: 2005 | C348: US dollars | D348: -0.084205035 | E348: -0.013067391 | F348: 0.022917556 | I348: -0.027308152 | J348: 0.021252448 | K348: =Sheet2!K348+Sheet2!L348+Sheet2!B348+Sheet2!H348 -> 0.37524049 | L348: 0.12801548
A349: Timor-Leste | B349: 2006 | C349: US dollars | D349: 2.4177348 | E349: -0.28633958 | F349: -0.025745458 | I349: 0.0067094517 | J349: -2.4227113 | K349: =Sheet2!K349+Sheet2!L349+Sheet2!B349+Sheet2!H349 -> 1.1962143 | L349: 0.33568474
A350: Timor-Leste | B350: 2007 | C350: US dollars | D350: 0.21383297 | E350: -0.0099406637 | F350: 0.086313183 | I350: -0.010629066 | J350: 0.12235703 | K350: =Sheet2!K350+Sheet2!L350+Sheet2!B350+Sheet2!H350 -> 0.19579089 | L350: 0.1260331
A351: Timor-Leste | B351: 2008 | C351: US dollars | D351: 0.27974621 | E351: -0.0022872353 | F351: 0.18237125 | I351: -0.0026229825 | J351: 0.04668138 | K351: =Sheet2!K351+Sheet2!L351+Sheet2!B351+Sheet2!H351 -> 0.13600268 | L351: 0.20025649
A352: Timor-Leste | B352: 2009 | C352: US dollars | D352: -0.1491862 | E352: -0.0082835223 | F352: 0.25124448 | I352: -0.0051174758 | J352: 0.084141902 | K352: =Sheet2!K352+Sheet2!L352+Sheet2!B352+Sheet2!H352 -> 0.19065003 | L352: 0.55830815
A353: Timor-Leste | B353: 2010 | C353: US dollars | D353: 0.26149444 | E353: -0.008646303 | F353: 0.053873222 | I353: 0.0040247861 | J353: 0.091335644 | K353: =Sheet2!K353+Sheet2!L353+Sheet2!B353+Sheet2!H353 -> 0.13401112 | L353: 0.15150443
A354: Timor-Leste | B354: 2011 | C354: US dollars | D354: 0.035179637 | E354: 0.0061991698 | F354: 0.35814829 | I354: 0.027416011 | J354: 0.10050762 | K354: =Sheet2!K354+Sheet2!L354+Sheet2!B354+Sheet2!H354 -> 0.10211513 | L354: 0.19408381
A355: Timor-Leste | B355: 2012 | C355: US dollars | D355: 0.36853588 | E355: -0.00077548464 | F355: 0.071228809 | I355: 0.0076297004 | J355: 0.17746217 | K355: =Sheet2!K355+Sheet2!L355+Sheet2!B355+Sheet2!H355 -> -0.0048785943 | L355: 0.27728429
... A365: Timor-Leste | B365: 2022 | C365: US dollars | D365: -0.036487781 | E365: 1.2093423 | F365: 0.033476894 | I365: -0.040281615 | J365: -0.025739156 | K365: =Sheet2!K365+Sheet2!L365+Sheet2!B365+Sheet2!H365 -> 0.033329174 | L365: -0.12540424
A366: Tonga | B366: 1995 | C366: Pa'anga | D366: -0.13591883 | E366: -0.021892913 | F366: 0.68694394 | G366: 0.047958911 | H366: 0.027547636 | I366: 0.11222841 | J366: -0.087933325 | K366: =Sheet2!K366+Sheet2!L366+Sheet2!B366+Sheet2!H366 -> 0.21006222 | L366: 0.16100396
A367: Tonga | B367: 1996 | C367: Pa'anga | D367: 0.079637271 | E367: 0.17138176 | F367: 0.095202844 | G367: 0.027546933 | H367: 0.024263315 | I367: -0.044369533 | J367: 0.09751296 | K367: =Sheet2!K367+Sheet2!L367+Sheet2!B367+Sheet2!H367 -> -0.015248098 | L367: 0.56407255
A368: Tonga | B368: 1997 | C368: Pa'anga | D368: 0.20752709 | E368: 0.032909467 | F368: 1.957469 | G368: -0.22711234 | H368: 0.0057161637 | I368: -0.32281777 | J368: -0.20134158 | K368: =Sheet2!K368+Sheet2!L368+Sheet2!B368+Sheet2!H368 -> 0.2836652 | L368: -0.73601526
A369: Tonga | B369: 1998 | C369: Pa'anga | D369: 0.38381298 | E369: -0.032197051 | F369: 0.12881353 | G369: 0.021616999 | H369: 0.0030927198 | I369: 0.1798204 | J369: 0.07935059 | K369: =Sheet2!K369+Sheet2!L369+Sheet2!B369+Sheet2!H369 -> 0.14976379 | L369: 0.085926037
A370: Tonga | B370: 1999 | C370: Pa'anga | D370: 0.34335895 | E370: 0.1498702 | F370: 0.097693945 | G370: 0.024564691 | H370: 0.016401966 | I370: 0.075811651 | J370: 0.040094641 | K370: =Sheet2!K370+Sheet2!L370+Sheet2!B370+Sheet2!H370 -> 0.079744103 | L370: 0.17245985
A371: Tonga | B371: 2000 | C371: Pa'anga | D371: -0.29125218 | E371: 0.2913811 | F371: 0.13847444 | G371: 0.014650882 | H371: 0.058034398 | I371: 0.13655155 | J371: 0.24534711 | K371: =Sheet2!K371+Sheet2!L371+Sheet2!B371+Sheet2!H371 -> 0.32202801 | L371: 0.084784678
A372: Tonga | B372: 2001 | C372: Pa'anga | D372: -0.069107885 | E372: 0.081906078 | F372: 0.19814918 | G372: 0.21808101 | H372: -0.11330687 | I372: 0.10498221 | J372: 0.10276116 | K372: =Sheet2!K372+Sheet2!L372+Sheet2!B372+Sheet2!H372 -> 0.17995689 | L372: 0.29657822
A373: Tonga | B373: 2002 | C373: Pa'anga | D373: 0.22548845 | E373: 0.060491662 | F373: 0.099305263 | G373: 0.0082834097 | H373: -0.0028904214 | I373: 0.16025013 | J373: 0.1017385 | K373: =Sheet2!K373+Sheet2!L373+Sheet2!B373+Sheet2!H373 -> 0.21319636 | L373: 0.13413666
A374: Tonga | B374: 2003 | C374: Pa'anga | D374: 0.36528437 | E374: 0.12206965 | F374: 0.027958794 | G374: 0.0093728344 | H374: 0.024823445 | I374: 0.057472491 | J374: 0.045441273 | K374: =Sheet2!K374+Sheet2!L374+Sheet2!B374+Sheet2!H374 -> 0.21299723 | L374: 0.13457991
A375: Tonga | B375: 2004 | C375: Pa'anga | D375: 0.34929885 | E375: 0.109338 | F375: -0.031873782 | G375: -0.046534244 | H375: 0.07069163 | I375: 0.1440826 | J375: 0.11485351 | K375: =Sheet2!K375+Sheet2!L375+Sheet2!B375+Sheet2!H375 -> 0.20052951 | L375: 0.089613927
A376: Tonga | B376: 2005 | C376: Pa'anga | D376: -0.20030831 | E376: 0.1497677 | F376: 0.087817076 | G376: -0.036593738 | H376: 0.013648865 | I376: 0.21706182 | J376: 0.24990369 | K376: =Sheet2!K376+Sheet2!L376+Sheet2!B376+Sheet2!H376 -> 0.44983063 | L376: 0.06887227
A377: Tonga | B377: 2006 | C377: Pa'anga | D377: 0.039770256 | E377: 0.08435077 | F377: 0.0034503989 | G377: 0.023668202 | H377: 0.0069262471 | I377: 0.088693088 | J377: 0.12631451 | K377: =Sheet2!K377+Sheet2!L377+Sheet2!B377+Sheet2!H377 -> 0.018658397 | L377: 0.60816813
... A403: Trinidad and Tobago | B403: 2022 | C403: Trinidad and Tobago dollar | D403: -0.0012907318 | E403: 0.78841447 | F403: 0.019854181 | G403: 0.045092642 | H403: 0.011007684 | I403: 0.0061961337 | J403: 0.0005337025 | K403: =Sheet2!K403+Sheet2!L403+Sheet2!B403+Sheet2!H403 -> 0.13184287 | L403: -0.0016509523

Sheet Sheet2
A1: M | B1: M+N | C1: N | D1: O | E1: P | F1: Q | G1: R | H1: R+S+T | I1: S | J1: T | K1: G | L1: J
A2: 0.024175824 | B2: 0.0054945055 | C2: -0.018681319 | D2: 0.087912088 | E2: 0.19340659 | F2: 0.07032967 | G2: 0.037362637 | H2: 0.036263736 | I2: -0.0032967033 | J2: 0.0021978022 | K2: 0.26483516 | L2: 0.1043956
A3: 0.053125 | B3: 0.171875 | C3: 0.11875 | D3: -0.221875 | E3: 0.571875 | F3: 0.15625 | G3: 0.096875 | H3: 0.175 | I3: 0.0625 | J3: 0.015625 | K3: 0.68125 | L3: 0.1875
A4: 0.013103448 | B4: 0.026896552 | C4: 0.013793103 | D4: 0.19172414 | E4: -0.05862069 | F4: 0.051724138 | G4: 0.084827586 | H4: 0.099310345 | I4: 0.014482759 | J4: 0 | K4: 0.026206897 | L4: 0.050344828
A5: 0.015037594 | B5: 0.057142857 | C5: 0.042105263 | D5: 0.042105263 | E5: -0.0090225564 | F5: 0.1924812 | G5: -0.026315789 | H5: -0.029323308 | I5: 0 | J5: -0.0030075188 | K5: -0.087969925 | L5: 0.078195489
A6: 0.034146341 | B6: 0.064227642 | C6: 0.030081301 | D6: 0.12536585 | E6: 0.27642276 | F6: 0.078861789 | G6: -0.11707317 | H6: -0.13577236 | I6: 0.0081300813 | J6: -0.026829268 | K6: -0.05203252 | L6: 0.014634146
A7: -0.034482759 | B7: -0.025 | C7: 0.0094827586 | D7: 0.077931034 | E7: -0.017241379 | F7: 0.035344828 | G7: 0.072413793 | H7: 0.063793103 | I7: 0.0034482759 | J7: -0.012068966 | K7: 0.15172414 | L7: -0.03362069
A8: 0.0081355932 | B8: 0.023728814 | C8: 0.01559322 | D8: 0.12186441 | E8: 0.021694915 | F8: 0.031186441 | G8: -0.034576271 | H8: -0.041694915 | I8: -0.0027118644 | J8: -0.0044067797 | K8: 0.11118644 | L8: 0.043389831
A9: -0.004 | B9: -0.004 | C9: 0 | D9: 0.0963 | E9: -0.0265 | F9: 0.041 | G9: 0 | H9: 0.022 | I9: 0.0215 | J9: 0.0005 | K9: 0.174 | L9: -0.148
A10: 0.0055771725 | B10: 0.014396887 | C10: 0.0088197147 | D10: 0.015654994 | E10: 0.013748379 | F10: 0.0032425422 | G10: 0.024383917 | H10: 0.0307393 | I10: 0.0063553826 | J10: 0 | K10: 0.1613489 | L10: 0.020881971
A11: 0.012826087 | B11: 0.014130435 | C11: 0.0013043478 | D11: 0.010869565 | E11: 0.012173913 | F11: 0.014130435 | G11: -0.0082608696 | H11: -0.0063043478 | I11: 0.0045652174 | J11: -0.0026086957 | K11: 0.13673913 | L11: -0.028695652
A12: 0.0039669421 | B12: 0.0041322314 | C12: 0.00016528926 | D12: 0.036363636 | E12: 0.010743802 | F12: 0.018181818 | G12: 0.007768595 | H12: 0.0094214876 | I12: 0.0033057851 | J12: -0.0016528926 | K12: 0.23190083 | L12: -0.0099173554
A13: -0.72007387 | B13: -1.2575135 | C13: -0.53743966 | D13: -2.0000468 | E13: 0.030799028 | F13: 2.5316946 | H13: -1.1753122 | K13: 1.5932607 | L13: -1.8018244
A14: 0.051228925 | B14: 0.15000066 | C14: 0.098771738 | D14: 0.10394181 | E14: -0.0092474861 | F14: 0.02846579 | H14: 0.043773241 | K14: 0.29527984 | L14: 0.15545154
A15: 0.16948647 | B15: 0.2194676 | C15: 0.049981129 | D15: 0.15237303 | E15: -0.014400976 | F15: 0.10919151 | H15: 0.3039607 | K15: -0.70334856 | L15: -0.027373689
A16: 0.0088099831 | B16: -0.069505171 | C16: -0.078315154 | D16: 0.058567508 | E16: 0.058752336 | F16: 0.0752673 | H16: 0.10027871 | K16: 0.48190838 | L16: -0.072471851
A17: 0.15089326 | B17: 0.38100671 | C17: 0.23011345 | D17: 0.22526517 | E17: 0.014135459 | F17: 0.0077261922 | H17: 0.027742046 | K17: -0.66363165 | L17: -0.060059809
A18: -0.050292548 | B18: -0.12692142 | C18: -0.076628876 | D18: 0.021661533 | E18: -0.049726962 | F18: 0.061718328 | H18: 0.12576393 | K18: 0.10972238 | L18: 0.026358291
A19: 0.3454947 | B19: 0.42295641 | C19: 0.077461708 | D19: 0.10019388 | E19: 0.040459805 | F19: -0.082810736 | H19: 0.13071778 | K19: 0.23337193 | L19: -0.21991722
A20: 0.038330719 | B20: 0.075268899 | C20: 0.03693818 | D20: 0.0066726447 | E20: 0.0078335036 | F20: -0.009103228 | H20: 0.1450973 | K20: 0.060559582 | L20: -0.0026141745
A21: 0.051802306 | B21: 0.058607794 | C21: 0.0068054878 | D21: -0.020669471 | E21: 0.010381202 | F21: 0.016178813 | H21: 0.174997 | K21: 0.07330442 | L21: 0.013561882
A22: 0.042269354 | B22: 0.093301714 | C22: 0.05103236 | D22: 0.027270833 | E22: 0.0046105773 | F22: -0.0024906141 | H22: 0.09844016 | K22: 0.14163116 | L22: 0.02383257
A23: -0.02482419 | B23: 0.02473771 | C23: 0.0495619 | D23: 0.042354508 | E23: 0.013816163 | F23: 0.0072834789 | H23: 0.24164105 | K23: -0.10968902 | L23: -0.0019821312
B24: -0.12514953 | D24: -0.031317769 | E24: -0.031493817 | F24: -0.14735516 | H24: 0.04142189 | I24: 0.017604418 | J24: 0.023817472 | K24: 0.78441292 | L24: 0.16442773
B25: 1.3808101 | D25: -0.064367979 | E25: -0.15417344 | F25: -0.075395959 | H25: -0.10632613 | I25: 0.0020797144 | J25: -0.10840584 | K25: 0.34553385 | L25: -0.10077923
B26: 0.20752994 | D26: 0.010236898 | E26: 0.010259665 | F26: -0.022874412 | H26: 0.073842302 | I26: 0.031963711 | J26: 0.041878591 | K26: 0.10417923 | L26: -0.12990987
B27: 0.46562539 | D27: 1.1509519 | E27: 0.18757648 | F27: 0.41293912 | H27: -0.59037367 | I27: -0.32234158 | J27: -0.26803209 | K27: 0.30535648 | L27: 0.82082359
B28: 0.71376936 | D28: 0.24427415 | E28: -0.28796489 | F28: 0.11420138 | H28: 0.03537296 | I28: 0.035368768 | J28: 4.19284e-06 | K28: 0.4761879 | L28: 0.26580973
B29: -0.10591575 | D29: -0.46939801 | E29: 0.42531359 | F29: 0.16218765 | H29: 0.088338735 | I29: 0.10631909 | J29: -0.017980359 | K29: -0.23519585 | L29: 0.21929502
B30: 0.11090733 | D30: -0.060476085 | E30: 0.15626024 | F30: 0.023586778 | H30: -0.049708763 | I30: -0.033018528 | J30: -0.016690235 | K30: 0.07671352 | L30: -0.1045399
B31: -0.061696475 | D31: -0.053717047 | E31: 0.05294962 | F31: 0.058116632 | H31: 1.7825187e-05 | I31: 2.002283e-05 | J31: -2.1976432e-06 | K31: -0.0038251578 | L31: -0.11974838
B32: 0.033102276 | D32: -0.064526647 | E32: 0.24834229 | F32: -0.040012726 | H32: -0.012803082 | I32: -0.012804929 | J32: 1.8475016e-06 | K32: 0.03733499 | L32: 0.016765062
B33: 0.0039175822 | D33: -0.0027846768 | E33: -0.125489 | F33: -0.022848801 | H33: 0.078340479 | I33: 0.067063983 | J33: 0.011276497 | K33: 0.069308105 | L33: 0.030831449
B34: 0.74631242 | D34: 0.63337017 | E34: -2.4956701 | F34: 2.4619274 | H34: -2.1726999 | I34: -1.6571144 | J34: -0.5155855 | K34: 3.1755795 | L34: 1.59059
B35: 0.07400422 | D35: 0.040110951 | E35: 0.050235695 | F35: 0.0043793077 | H35: 0.047210017 | I35: 0.029315368 | J35: 0.017894649 | K35: 0.14669663 | L35: 0.01995337
B36: 0.044803473 | D36: 0.04984537 | E36: 0.18560056 | F36: 0.027273401 | H36: 0.031219839 | I36: 0.019730971 | J36: 0.011488868 | K36: 0.043899523 | L36: 0.034276023
A37: 0.014006161 | B37: 0.030977262 | C37: 0.0169711 | D37: 0.065895993 | E37: 0.067259075 | F37: 0.019437872 | G37: 0.017318046 | H37: 0.033380435 | I37: 0.0075062604 | J37: 0.0085561289 | K37: 0.20253865 | L37: 0.068972504
A38: 0.014684381 | B38: 0.037803837 | C38: 0.023119456 | D38: 0.094203253 | E38: 0.041248567 | F38: 0.0075754816 | G38: 0.012752565 | H38: 0.010931537 | I38: -0.0042371928 | J38: 0.002416164 | K38: 0.26939832 | L38: 0.047009275
A39: 0.020273351 | B39: 0.030839386 | C39: 0.010566035 | D39: 0.14149119 | E39: 0.11191922 | F39: 0.014089027 | G39: 0.0058048942 | H39: 0.018503625 | I39: 0.0096378233 | J39: 0.0030609077 | K39: 0.14179618 | L39: 0.070066164
A40: -0.055347637 | B40: 0.057376123 | C40: 0.11272376 | D40: 0.29700577 | E40: 0.23260313 | F40: 0.025106451 | G40: 0.040955743 | H40: 0.086696195 | I40: 0.03254208 | J40: 0.013198371 | K40: 0.095022886 | L40: -0.030594885
A41: 0.058878647 | B41: 0.051931563 | C41: -0.0069470836 | D41: 0.011059453 | E41: 0.013491128 | F41: 0.027377593 | G41: 0.0053378664 | H41: 0.04115819 | I41: 0.029719574 | J41: 0.0061007504 | K41: 0.088348326 | L41: 0.017289059
A42: -0.057696985 | B42: -0.028697428 | C42: 0.028999557 | D42: 0.042702947 | E42: -0.047683548 | F42: 0.04774546 | G42: 0.0053449273 | H42: 0.0854323 | I42: 0.058085896 | J42: 0.022001477 | K42: 0.066338876 | L42: 0.033378959
A43: 0.00775305 | B43: 0.07043699 | C43: 0.06268394 | D43: 0.035055358 | E43: 0.12889895 | F43: 0.045661009 | G43: 0.048982103 | H43: 0.079710655 | I43: 0.020660491 | J43: 0.010068061 | K43: 0.50811097 | L43: -0.051458801
A44: -0.037337718 | B44: 0.043031778 | C44: 0.080369496 | D44: 0.099173615 | E44: 0.071347015 | F44: 0.012879786 | G44: 0.033228272 | H44: 0.0064156744 | I44: -0.026239695 | J44: -0.00057290298 | K44: 0.21195025 | L44: 0.059248068
A45: 0.03046628 | B45: 0.030306628 | C45: -0.00015965174 | D45: 0.033539791 | E45: 0.023835241 | F45: 0.0088850244 | G45: 0.0066054957 | H45: 0.010357564 | I45: 0.0045418908 | J45: -0.00078982271 | K45: 0.23878588 | L45: 0.039777909
A46: -0.01113238 | B46: 0.0094178499 | C46: 0.02055023 | D46: 0.043969335 | E46: 0.016018953 | F46: 0.0071780138 | G46: 0.0059569008 | H46: 0.012790663 | I46: 0.0059966331 | J46: 0.00083712928 | K46: 0.19561017 | L46: 0.048141773
A47: 0.091791578 | B47: 0.045685732 | C47: -0.046105846 | D47: 0.10416887 | E47: 0.049002556 | F47: 0.013654377 | G47: 0.0034758242 | H47: 0.041251311 | I47: 0.033317557 | J47: 0.0044579301 | K47: 0.32477741 | L47: 0.34746274
A48: 0.048744758 | B48: 0.050824546 | C48: 0.0020797875 | D48: 0.093739898 | E48: 0.0027670287 | F48: 0.0114484 | G48: 0.0040250791 | H48: 0.0094020671 | I48: 0.014051607 | J48: -0.0086746186 | K48: 0.13288516 | L48: 0.17309148
... A68: -0.0010965846 | B68: 0.081456567 | C68: 0.082553152 | D68: 0.073002385 | E68: 0.00094187529 | F68: 0.0041527147 | G68: 0.036564655 | H68: 0.073621423 | I68: 0.033451367 | J68: 0.0036054009 | K68: 0.2136744 | L68: 0.0073493548
B69: 0.034043724 | D69: 0.029445277 | E69: 0.050198369 | F69: 0.014250968 | H69: -0.0024119589 | K69: 0.014707946 | L69: 0.019577371
B70: -0.015214818 | D70: 0.69870845 | E70: 0.073743913 | F70: 0.074032881 | H70: 0.12276041 | K70: 0.44320622 | L70: 0.10995478
B71: 0.25133807 | D71: 0.10391049 | E71: 0.18679662 | F71: 0.096558115 | H71: 0.0077627277 | K71: 0.29625057 | L71: -0.30803361
A72: 0.16780329 | B72: 0.1193919 | C72: -0.048411425 | D72: 0.2355939 | E72: 0.062527712 | F72: 0.044374277 | G72: -0.019551284 | H72: 0.00048334149 | I72: 0.018419942 | J72: 0.0016146598 | K72: 0.17663238 | L72: 0.011036409
A73: -0.045297732 | B73: 0.039644723 | C73: 0.08494246 | D73: 0.046512199 | E73: 0.11577288 | F73: -0.061122861 | G73: 0.21178975 | H73: 0.26402292 | I73: 0.042272277 | J73: 0.0099608576 | K73: -0.046940841 | L73: 0.032071985
A74: 0.010737248 | B74: 0.093313926 | C74: 0.082576517 | D74: 0.075910886 | E74: 0.040974954 | F74: 0.21388666 | G74: -0.17188815 | H74: -0.15714945 | I74: 0.0061990006 | J74: 0.0085398371 | K74: -0.47765381 | L74: -0.064805904
A75: -0.16520159 | B75: -0.38361303 | C75: -0.2184113 | D75: 0.83321148 | E75: 0.28313958 | F75: 0.16658527 | G75: 0.11302089 | H75: 0.37388048 | I75: 0.21224713 | J75: 0.048613116 | K75: 0.29845124 | L75: -0.033685068
A76: 0.16354813 | B76: 0.4490155 | C76: 0.28546749 | D76: 0.31506219 | E76: 0.048118052 | F76: -0.00177052 | G76: 0.062258633 | H76: 0.063476638 | I76: -0.0076553283 | J76: 0.0088730966 | K76: -0.50231217 | L76: -0.039324654
A77: -0.0053181856 | B77: 0.046535345 | C77: 0.051853531 | D77: 0.13590075 | E77: 0.06860094 | F77: 0.036343095 | G77: -0.026143939 | H77: -0.0098471306 | I77: 0.012336478 | J77: 0.0039603306 | K77: 0.27186236 | L77: -0.12785666
A78: 0.016507933 | B78: 0.00077891649 | C78: -0.015729016 | D78: 0.016996802 | E78: 0.017142441 | F78: 0.089240291 | G78: 0.017658395 | H78: 0.009884742 | I78: -0.012552903 | J78: 0.0047792504 | K78: 0.21811668 | L78: -0.018334392
A79: -0.0040266792 | B79: 0.1389325 | C79: 0.14295918 | D79: 0.14906919 | E79: 0.0645167 | F79: -0.017642733 | G79: -0.0098981598 | H79: 0.036223218 | I79: 0.040701478 | J79: 0.0054199005 | K79: 0.25288395 | L79: 0.078816426
A80: 0.0014315525 | B80: 0.028407136 | C80: 0.026975584 | D80: 0.24638293 | E80: 0.015591309 | F80: 0.01805481 | G80: 0.040206019 | H80: 0.061575986 | I80: 0.018716593 | J80: 0.0026533743 | K80: 0.13329797 | L80: -0.017611708
A81: 0.010258213 | B81: 0.07882782 | C81: 0.068569607 | D81: 0.036126675 | E81: 0.01337791 | F81: -0.0025656129 | G81: 0.042584516 | H81: 0.064140565 | I81: 0.022623635 | J81: -0.0010675865 | K81: 0.1435345 | L81: 0.0058955726
A82: 0.075302167 | B82: 0.12969158 | C82: 0.054389411 | D82: 0.043165903 | E82: 0.14211165 | F82: 0.089926248 | G82: 0.042630062 | H82: 0.089017099 | I82: 0.042957759 | J82: 0.0034292778 | K82: 0.21230616 | L82: 0.045821815
A83: 0.014912974 | B83: 0.07222472 | C83: 0.057311747 | D83: -0.0062865336 | E83: 0.010171511 | F83: 0.001982924 | G83: 0.010369185 | H83: 0.021924018 | I83: 0.0061390211 | J83: 0.0054158119 | K83: 0.23542564 | L83: 0.022030319
A84: 0.041784502 | B84: 0.11296258 | C84: 0.071178082 | D84: 0.15032557 | E84: 0.0056375942 | F84: -0.01892232 | G84: 0.019832254 | H84: 0.064143294 | I84: 0.025420869 | J84: 0.018890171 | K84: -0.01743991 | L84: 0.078071704
A85: -19.888916 | B85: -21.318719 | C85: -1.4295567 | D85: 7.9955665 | E85: 1.4464039 | F85: 1.4853202 | G85: -2.3400493 | H85: -2.3400493 | K85: -7.3546798 | L85: 7.1487685
A86: 0.52645668 | B86: 0.4645206 | C86: -0.061934232 | D86: 0.10058193 | E86: 0.057470903 | F86: 0.084888232 | G86: -0.038444485 | H86: -0.038444485 | K86: -0.46696841 | L86: -0.10999446
A87: 0.00033527841 | B87: -0.015689183 | C87: -0.016025451 | D87: 0.14486203 | E87: -0.0099139551 | F87: 0.0015788086 | G87: 0.00064253453 | H87: 0.00064253453 | K87: 0.070830449 | L87: 0.075093133
A88: -0.18360367 | B88: -0.25275298 | C88: -0.069155093 | D88: -0.19385747 | E88: -0.046816303 | F88: 0.0065434854 | G88: -0.019071594 | H88: -0.019071594 | K88: 0.16799769 | L88: 0.065029762
A89: -0.16349492 | B89: -0.099537097 | C89: 0.063944966 | D89: 0.032788993 | E89: -0.024490163 | F89: 0.055989456 | G89: 0.14096181 | H89: 0.14096181 | K89: 0.2279928 | L89: 0.036350778
A90: 0.053769086 | B90: 0.00015895188 | C90: -0.053610134 | D90: -0.0059920042 | E90: -0.0098107028 | F90: -0.0013621695 | G90: -0.034519532 | H90: -0.034519532 | K90: 0.19319879 | L90: 0.03488753
A91: 0.10510576 | B91: -0.020447362 | C91: -0.12555312 | D91: 0.040967664 | E91: -0.035435611 | F91: 0.023971959 | G91: 0.042684172 | H91: 0.042684172 | K91: 0.41174325 | L91: -0.043480023
A92: 0.2025183 | B92: 0.34564624 | C92: 0.14312794 | D92: -0.26814159 | E92: 0.071314869 | F92: 0.03794002 | G92: 0.038653993 | H92: 0.038653993 | K92: 0.22173058 | L92: 0.15384027
A93: -0.021868991 | B93: 0.039890059 | C93: 0.06175905 | D93: 0.28128501 | E93: 0.0048031101 | F93: 0.008360505 | G93: 0.0004272218 | H93: 0.0004272218 | K93: 0.010897918 | L93: 0.064724939
A94: 0.37519255 | B94: 0.49563564 | C94: 0.12044309 | D94: -0.29226015 | E94: 0.011971094 | F94: -0.083122563 | G94: -0.0082514025 | H94: -0.0082514025 | K94: 0.73397357 | L94: 0.4851954
A95: 0.22765669 | B95: 0.23650258 | C95: 0.008845888 | D95: -0.13067088 | E95: 0.021423635 | F95: 0.014455106 | G95: 0.0018603477 | H95: 0.0018603477 | K95: 0.20511137 | L95: 0.028427516
A96: 0.09244051 | B96: 0.23463264 | C96: 0.14219213 | D96: 0.12864354 | E96: -0.0058609086 | F96: 0.033311033 | G96: 0.0004038138 | H96: 0.0004038138 | K96: 0.23699623 | L96: 0.17906017
... A100: 0.019840579 | B100: 0.049166669 | C100: 0.02932609 | D100: -0.021918215 | E100: 0.0092600497 | F100: 0.027540293 | G100: 0.013110605 | H100: 0.013110605 | K100: 0.16801293 | L100: 0.039017217
D101: 0.019688382 | E101: 0.029924145 | F101: 0.026370042 | H101: 0.12244389 | K101: 0.045966672 | L101: 0.031317763
D102: 0.10849316 | E102: 0.035248476 | F102: 0.031231117 | H102: 0.12564062 | K102: 0.098379173 | L102: -0.015030743
D103: -0.00058456554 | E103: 0.062873255 | F103: 0.032275067 | H103: 0.1207846 | K103: 0.090926336 | L103: 0.046580657
D104: 0.077214818 | E104: 0.043771022 | F104: 0.031281969 | H104: 0.037394348 | K104: 0.057949181 | L104: 0.074416703
D105: 0.12729824 | E105: 0.021201234 | F105: 0.08396052 | H105: 0.18840219 | K105: -0.0929712 | L105: -0.027407099
D106: 0.073039799 | E106: 0.092395696 | F106: 0.030328499 | H106: 0.14637082 | K106: 0.16969126 | L106: -0.018993804
D107: 0.091002986 | E107: 0.042944375 | F107: 0.0082777833 | H107: 0.088291913 | K107: 0.063962702 | L107: 0.015564301
D108: 0.013378438 | E108: 0.019784463 | F108: 0.019795715 | H108: 0.075082466 | K108: 0.039945164 | L108: 0.03599146
D109: 0.0087212374 | E109: 0.018630234 | F109: 0.022536687 | H109: 0.088608618 | K109: 0.092112883 | L109: 0.025458863
D110: 0.10500448 | E110: 0.042680178 | F110: 0.027647074 | H110: 0.11439603 | K110: 0.1826115 | L110: 0.0085439305
D111: 0.056606962 | E111: 0.023750954 | F111: 0.016967313 | H111: 0.057450142 | K111: 0.10403464 | L111: 0.030484646
D112: -0.00011307717 | E112: 0.075134721 | F112: 0.026749694 | H112: 0.074479926 | K112: 0.14410185 | L112: 0.025929002
... D128: 0.064339453 | E128: 0.043312288 | F128: 0.057600347 | H128: 0.096330521 | K128: 0.089037621 | L128: 0.0048411287
A129: 0.041683532 | B129: 0.064911042 | C129: 0.02322751 | D129: 0.10457506 | E129: 0.12927176 | F129: 0.029327324 | G129: 0.0053387615 | H129: -0.011056944 | I129: -0.016395706 | K129: 0.12348347 | L129: 0.055953447
A130: 0.027726002 | B130: 0.020037279 | C130: -0.0076887232 | D130: 0.10973905 | E130: -0.029123952 | F130: 0.01584343 | G130: 0.0027958993 | H130: 0.0018639329 | I130: -0.00093196645 | K130: 0.12558248 | L130: 0.026328052
A131: 0.026369688 | B131: 0.036738351 | C131: 0.010368664 | D131: 0.21466974 | E131: 0.15335381 | F131: 0.041218638 | G131: 0.003968254 | H131: -0.023297491 | I131: -0.027265745 | K131: 0.073732719 | L131: 0.024705581
A132: 0.01083902 | B132: 0.040545965 | C132: 0.029706945 | D132: 0.12505018 | E132: 0.06945002 | F132: 0.026696106 | G132: 0.00080289041 | H132: 0.0078281815 | I132: 0.007025291 | K132: 0.024889603 | L132: 0.090124448
A133: 0.01317674 | B133: 0.023632197 | C133: 0.010455457 | D133: 0.027785735 | E133: 0.037381839 | F133: -0.0094528788 | G133: 0.006874821 | H133: 0.01475222 | I133: 0.007877399 | K133: 0.086221713 | L133: 0.070180464
A134: 0.015073459 | B134: 0.027094066 | C134: 0.012020607 | D134: 0.13260828 | E134: 0.10398779 | F134: -0.012020607 | G134: -0.00095401641 | H134: 0.00019080328 | I134: 0.0011448197 | K134: 0.078801755 | L134: -0.024804427
A135: 0.0099398983 | B135: 0.027508091 | C135: 0.017568192 | D135: 0.22191401 | E135: 0.089690245 | F135: 0.078363384 | G135: 0.00046232085 | H135: 0.017337032 | I135: 0.016874711 | K135: 0.12575127 | L135: 0.020804438
A136: -0.01240625 | B136: 0.05540957 | C136: 0.067815821 | D136: -0.10871221 | E136: 0.064100982 | F136: 0.29769611 | G136: 0.011095314 | H136: 0.012352829 | I136: 0.0012575155 | K136: 0.2317159 | L136: -0.011017914
A137: 0.020878343 | B137: 0.065404624 | C137: 0.044526281 | D137: 0.038126913 | E137: 0.053258448 | F137: -0.027781059 | G137: 0.005030963 | H137: 0.010672098 | I137: 0.0056411089 | K137: 0.024182386 | L137: 0.032291933
...
